INSERT INTO Estacion (id, numero, nombre, coordenadas, capacidad) VALUES ('f81345bb-894d-4dcd-8aa4-49987a95ff76', 1, 'Puerta Jerez', '37.38267461477751, -5.993143047215303', 15);
INSERT INTO Estacion (id, numero, nombre, coordenadas, capacidad) VALUES ('90a4aa12-0dcb-4ed9-8f4d-c8bcb0b8f687', 2, 'Ramon Sanchez', '37.384248245922876, -5.97075249936982', 12);
INSERT INTO Estacion (id, numero, nombre, coordenadas, capacidad) VALUES ('601c5250-9d2e-4d29-af43-7f61cf1309e2', 3, 'Torre del Oro', '37.38264042480994, -5.996226974246192', 20);
INSERT INTO Estacion (id, numero, nombre, coordenadas, capacidad) VALUES ('d1aa6884-4cfc-4e0d-b4e2-47f97d6a9ec9', 4, 'Puente de Triana', '37.38650579044138, -6.002310731919237', 18);
INSERT INTO Estacion (id, numero, nombre, coordenadas, capacidad) VALUES ('3a35f7a1-95f7-4fc8-b2f4-6d5a147a7c8e', 5, 'Parque Principes', '37.374405948794475, -6.005344980963008', 4);


INSERT INTO Bicicleta (uuid, marca, modelo, estado, nombre, estacion_id) VALUES ('128329b5-4080-4e0a-8b09-8cf2d3a88c20', 'FieldCletas', 'Gen15', 0, 'Michael', 'f81345bb-894d-4dcd-8aa4-49987a95ff76');
INSERT INTO Bicicleta (uuid, marca, modelo, estado, nombre, estacion_id) VALUES ('76b27116-6153-4f2b-b6e6-0e21c6306b46', 'FieldCletas', 'Gen15', 1, 'Eustaquio', 'f81345bb-894d-4dcd-8aa4-49987a95ff76');
INSERT INTO Bicicleta (uuid, marca, modelo, estado, nombre, estacion_id) VALUES ('9ce34fe4-eb4b-41b1-9337-04bfe6e3acda', 'ChimneyChains', 'CamelBox', 2, 'Antonia', 'f81345bb-894d-4dcd-8aa4-49987a95ff76');
INSERT INTO Bicicleta (uuid, marca, modelo, estado, nombre, estacion_id) VALUES ('c9b07e57-6b22-4b85-baa0-1850c80a3e02', 'FieldCletas', 'FieldTrooper', 3, 'FelipeYeit', 'f81345bb-894d-4dcd-8aa4-49987a95ff76');
INSERT INTO Bicicleta (uuid, marca, modelo, estado, nombre, estacion_id) VALUES ('e128262a-b0b9-42c4-8bbd-11078da75cb8', 'FieldCletas', 'Gen15', 4, 'Pacote', '90a4aa12-0dcb-4ed9-8f4d-c8bcb0b8f687');
INSERT INTO Bicicleta (uuid, marca, modelo, estado, nombre, estacion_id) VALUES ('7edfbb7e-8711-4153-a80d-3d1285a6d5b7', 'ChimneyChains', 'SmokeyCruise', 0, 'Nono', '90a4aa12-0dcb-4ed9-8f4d-c8bcb0b8f687');
INSERT INTO Bicicleta (uuid, marca, modelo, estado, nombre, estacion_id) VALUES ('4c6f7471-9c3d-4a1d-80cd-e73479f5d843', 'FieldCletas', 'Gen15', 0, 'Fernando', '90a4aa12-0dcb-4ed9-8f4d-c8bcb0b8f687');
INSERT INTO Bicicleta (uuid, marca, modelo, estado, nombre, estacion_id) VALUES ('7a5e8fe0-4002-4df3-bcd1-292b4de4532b', 'FieldCletas', 'Gen15', 0, 'Braulio', '90a4aa12-0dcb-4ed9-8f4d-c8bcb0b8f687');
INSERT INTO Bicicleta (uuid, marca, modelo, estado, nombre, estacion_id) VALUES ('fbaac581-166e-41b0-b08b-059a42b6ac17', 'ChimneyChains', 'SmokeyCruise', 0, 'Hofrague', '601c5250-9d2e-4d29-af43-7f61cf1309e2');
INSERT INTO Bicicleta (uuid, marca, modelo, estado, nombre, estacion_id) VALUES ('02f08062-f070-481f-b549-297c5df51144', 'FieldCletas', 'Gen15', 2, 'Patricio', '601c5250-9d2e-4d29-af43-7f61cf1309e2');
INSERT INTO Bicicleta (uuid, marca, modelo, estado, nombre, estacion_id) VALUES ('d150e349-2e46-4d50-a7aa-18d3bcbafe8f', 'FieldCletas', 'Gen15', 3, 'Gaspar', '601c5250-9d2e-4d29-af43-7f61cf1309e2');
INSERT INTO Bicicleta (uuid, marca, modelo, estado, nombre, estacion_id) VALUES ('928d9906-7a90-4c68-88a5-7789fda21d23', 'ChimneyChains', 'CamelBox', 0, 'Bochan', '601c5250-9d2e-4d29-af43-7f61cf1309e2');
INSERT INTO Bicicleta (uuid, marca, modelo, estado, nombre, estacion_id) VALUES ('cc006b77-4f0a-4f57-9ac9-0fb9e771858d', 'ChimneyChains', 'SmokeyCruise', 1, 'Manubrio', 'd1aa6884-4cfc-4e0d-b4e2-47f97d6a9ec9');
INSERT INTO Bicicleta (uuid, marca, modelo, estado, nombre, estacion_id) VALUES ('3faff1e2-16e6-4a0e-86c7-bf8b78105372', 'FieldCletas', 'FieldTrooper', 3, 'Pinecilio', 'd1aa6884-4cfc-4e0d-b4e2-47f97d6a9ec9');
INSERT INTO Bicicleta (uuid, marca, modelo, estado, nombre, estacion_id) VALUES ('ec97e31a-92f9-4689-916e-3e04872a7d27', 'FieldCletas', 'Gen15', 1, 'Bartolo', 'd1aa6884-4cfc-4e0d-b4e2-47f97d6a9ec9');
INSERT INTO Bicicleta (uuid, marca, modelo, estado, nombre, estacion_id) VALUES ('9365971d-ff77-4469-9370-af6d4d8e44e3', 'FieldCletas', 'FieldTrooper', 1, 'Jesus', 'd1aa6884-4cfc-4e0d-b4e2-47f97d6a9ec9');
INSERT INTO Bicicleta (uuid, marca, modelo, estado, nombre, estacion_id) VALUES ('1ce1e74b-825e-4d7b-926d-9ee14c5549fe', 'ChimneyChains', 'CamelBol', 1, 'Ballotelli', '3a35f7a1-95f7-4fc8-b2f4-6d5a147a7c8e');
INSERT INTO Bicicleta (uuid, marca, modelo, estado, nombre, estacion_id) VALUES ('e5eaa1d4-3186-4d27-a9d1-69f45b7f23c7', 'ChimneyChains', 'CamelBox', 1, 'Zidane', '3a35f7a1-95f7-4fc8-b2f4-6d5a147a7c8e');
INSERT INTO Bicicleta (uuid, marca, modelo, estado, nombre, estacion_id) VALUES ('1834b8c7-6d92-446b-bc96-6d4b9b30e06c', 'FieldCletas', 'FieldTrooper', 1, 'Melendi', '3a35f7a1-95f7-4fc8-b2f4-6d5a147a7c8e');
INSERT INTO Bicicleta (uuid, marca, modelo, estado, nombre, estacion_id) VALUES ('4f3f19d1-8539-4e82-bc46-8570de481534', 'FieldCletas', 'Gen15', 4, 'Bloste', '3a35f7a1-95f7-4fc8-b2f4-6d5a147a7c8e');

INSERT INTO Usuario (id, username, password, email, nombre, account_non_expired, account_non_locked, credentials_non_expired, enabled, created_at, last_password_change_at) VALUES ('c62db400-22e3-4e92-94db-1447f5688f2c', 'admin', '{bcrypt}$2a$10$4zcpWiElBDO8KELG3JE37ukgcCVfrdYeDd2i.F3MEioTkHFIfcqfK', 'admin@admin.com', 'admin',  true, true, true, true, current_timestamp, current_timestamp);
INSERT INTO Usuario (id, username, password, email, nombre, account_non_expired, account_non_locked, credentials_non_expired, enabled, created_at, last_password_change_at) VALUES ('04d0595e-45d5-4f63-8b53-1d79e9d84a5d', 'user1', '{bcrypt}$2a$10$pWJK9KslilCl0HcW5eVKOOdRd8AHuwymd0kze.WvLXM/kQVdKNRi.', 'user1@user.com', 'User 1', true, true, true, true, current_timestamp, current_timestamp);
INSERT INTO Usuario (id, username, password, email, nombre, account_non_expired, account_non_locked, credentials_non_expired, enabled, created_at, last_password_change_at) VALUES ('e010f144-b376-4dbb-933d-b3ec8332ed0d', 'user2', '{bcrypt}$2a$10$pWJK9KslilCl0HcW5eVKOOdRd8AHuwymd0kze.WvLXM/kQVdKNRi.', 'user2@user.com', 'User 2', true, true, true, true, current_timestamp, current_timestamp);
INSERT INTO Usuario (id, username, password, email, nombre, account_non_expired, account_non_locked, credentials_non_expired, enabled, created_at, last_password_change_at) VALUES ('5cf8b808-3b6e-4d9d-90d5-65c83b0e75b2', 'user3', '{bcrypt}$2a$10$pWJK9KslilCl0HcW5eVKOOdRd8AHuwymd0kze.WvLXM/kQVdKNRi.', 'user3@user.com', 'User 3', true, true, true, true, current_timestamp, current_timestamp);

INSERT INTO Trabajador (id, turno, es_jefe) VALUES ('c62db400-22e3-4e92-94db-1447f5688f2c', 'Tarde', true);

INSERT INTO Usuario_bici (id, pin, num_tarjeta, saldo) VALUES ('04d0595e-45d5-4f63-8b53-1d79e9d84a5d', '1234', '1111222233334441', 20.00);
INSERT INTO Usuario_bici (id, pin, num_tarjeta, saldo) VALUES ('e010f144-b376-4dbb-933d-b3ec8332ed0d', '5678', '1111222233334442', 25.00);
INSERT INTO Usuario_bici (id, pin, num_tarjeta, saldo) VALUES ('5cf8b808-3b6e-4d9d-90d5-65c83b0e75b2', '9101', '1111222233334443', 30.00);

INSERT INTO Uso (uuid, fecha_inicio, fecha_fin, coste, bicicleta_id, estacion_id, author) VALUES ('57c4051c-cfa8-4175-a8a5-67b7a3dbe14c', '2023-11-27T17:00:00', '2023-11-27T17:30:00', 5.00, '7a5e8fe0-4002-4df3-bcd1-292b4de4532b', 'f81345bb-894d-4dcd-8aa4-49987a95ff76', '04d0595e-45d5-4f63-8b53-1d79e9d84a5d');
INSERT INTO Uso (uuid, fecha_inicio, fecha_fin, coste, bicicleta_id, estacion_id, author) VALUES ('cf30627d-8696-4106-8c83-793f9da6e3f8', '2023-11-27T17:00:00', '2023-11-27T17:30:00', 5.00, '9365971d-ff77-4469-9370-af6d4d8e44e3', '3a35f7a1-95f7-4fc8-b2f4-6d5a147a7c8e', 'e010f144-b376-4dbb-933d-b3ec8332ed0d');
INSERT INTO Uso (uuid, fecha_inicio, fecha_fin, coste, bicicleta_id, estacion_id, author) VALUES ('9365d1a9-7997-4a52-a3c9-4e9e3d36eca2', '2023-11-27T17:00:00', '2023-11-27T17:30:00', 5.00, '4f3f19d1-8539-4e82-bc46-8570de481534', '3a35f7a1-95f7-4fc8-b2f4-6d5a147a7c8e', '5cf8b808-3b6e-4d9d-90d5-65c83b0e75b2');

INSERT INTO Coste (id, precio_minuto, fecha_inicio) VALUES (1, 0.20, current_timestamp);

INSERT INTO Revision (id, fecha_programada, fecha_realizacion ,estado, estacion_id, trabajador_id, anotaciones) VALUES (996, '2023-01-01', '2022-12-31',0, '3a35f7a1-95f7-4fc8-b2f4-6d5a147a7c8e', 'c62db400-22e3-4e92-94db-1447f5688f2c', 'Anotaciones 1');

INSERT INTO Revision (id, fecha_programada, fecha_realizacion ,estado, estacion_id, trabajador_id, anotaciones) VALUES (997, '2023-02-01', '2023-02-02',0, '3a35f7a1-95f7-4fc8-b2f4-6d5a147a7c8e', 'c62db400-22e3-4e92-94db-1447f5688f2c', 'Anotaciones 2');

INSERT INTO Revision (id, fecha_programada, fecha_realizacion ,estado, estacion_id, trabajador_id, anotaciones) VALUES (998, '2023-03-01', '2023-03-02',0, '3a35f7a1-95f7-4fc8-b2f4-6d5a147a7c8e', 'c62db400-22e3-4e92-94db-1447f5688f2c', 'Anotaciones 3');

INSERT INTO Revision (id, fecha_programada, fecha_realizacion ,estado, estacion_id, trabajador_id, anotaciones) VALUES (999, '2023-10-01', '2023-09-16',0, '3a35f7a1-95f7-4fc8-b2f4-6d5a147a7c8e', 'c62db400-22e3-4e92-94db-1447f5688f2c', 'Anotaciones 10');
